Job Title,Employer,Job Location,Experience,Positions
Data OperatorIn LONDON,Adal immigrations LLP,United Kingdom,2 to 7,70
Urgent Hiring for Data Analyst,Prime Immigration LLP,"United Kingdom+8Australia, United Arab Emirates, Canada, Malaysia, Singapore, Malta, Germany, Hong Kong",5 to 10,1
Computer Operator Data Entry Operator,NATIONAL SEEDS CORPORATION LIMITED,"United Kingdom+13Australia, Canada, United Arab Emirates, United States Of America, Gurugram, Mumbai City, Bangalore, Noida, Chennai, Hyderabad, Kolkata, Pune, Delhi",5 to 10,99
Payroll Administrator,MILLENNIUM BABYCARES PRIVATE LIMITE...,"United Kingdom+12Canada, United Arab Emirates, Gurugram, United States Of America, Mumbai City, Bangalore, Noida, Chennai, Hyderabad, Kolkata, Pune, Delhi",4 to 9,99
Data OperatorIn UNITED KINGDOM,Adal immigrations LLP,United Kingdom,2 to 7,60
Geologist to analyze,MILLENNIUM BABYCARES PRIVATE LIMITE...,"United Kingdom+12Canada, United Arab Emirates, United States Of America, Gurugram, Mumbai City, Bangalore, Noida, Chennai, Hyderabad, Kolkata, Pune, Delhi",5 to 10,99
Sourcing Manager,Garima Interprises,"United Kingdom+2Australia, United States Of America",10 to 15,29
Data Management,Future Solution Centre,"United Kingdom+18China, Canada, Qatar, Kuwait, Philippines, Virgin Islands (Us), United Arab Emirates, United States Of America, Gurugram, Other West Bengal, Bangalore, Noida, Rajahmundry, Other Gujarat, Other Tamil Nadu, Pondicherry, Kolkata, Kollam",15 to >25,99
Production EngineerIn United Kingdom,Adal immigrations LLP,United Kingdom,2 to 7,70
Data Scientist,Vijay Deonath Kuwar ,United Kingdom,1 to 6,17
Data Entry Executive Customer Supportin CAMBODIA,Always International Manpower Servi...,"United Kingdom+17Singapore, Qatar, Saudi Arabia, Kuwait, Thailand, United Arab Emirates, Malaysia, Tiruvannamalai, Thirunelveli, Madurai, Viluppuram, Salem, Tiruchirappalli, Vellore, Nagercoil, Ooty, Tuticorin",1 to 3,40
Data Entry Executive Customer Supportin CAMBODIA,Always International Manpower Servi...,"United Kingdom+17Singapore, Qatar, Saudi Arabia, Kuwait, Thailand, United Arab Emirates, Malaysia, Coimbatore, Cuddalore, Erode, Madurai, Ramanathapuram, Kanyakumari, Hosur, Sivagangai, Krishnagiri, Dharmapuri",1 to 3,40
Production EngineerIn UNITED KINGDOM,Adal immigrations LLP,United Kingdom,2 to 7,60
Civil EngineerIn ABROAD,Adal immigrations LLP,"United Kingdom+3Australia, Canada, Singapore",2 to 7,70
Customer Support Team Leaderfor Cambodia,Always International Manpower Servi...,"United Kingdom+17Singapore, Qatar, Saudi Arabia, Kuwait, Thailand, United Arab Emirates, Malaysia, Tambaram, Chennai, Sivakasi, Kanchipuram, Vilupuram, Nagapattinam, Sivagangai, Theni, Namakkal, Kumbakonam",1 to 3,40
Customer Support Team Leaderfor Cambodia,Always International Manpower Servi...,"United Kingdom+13Singapore, Saudi Arabia, United Arab Emirates, Mumbai City, Surat, Vadodara, Ahmedabad, Tambaram, Nashik, Rajkot, Anand, Kolhapur, Nagpur",1 to 3,40
Urgent Hiring for Data Analyst,Prime Immigration LLP,"United Kingdom+8Australia, United Arab Emirates, Canada, Malaysia, Germany, Singapore, Malta, Hong Kong",5 to 10,1
Sales Operations,Garima Interprises,"United Kingdom+2Australia, United States Of America",5 to 10,49
Oil & Gas Accountant,NATIONAL SEEDS CORPORATION LIMITED,"United Kingdom+14Canada, United Arab Emirates, United States Of America, Gurugram, Germany, Mumbai City, Bangalore, Noida, Chennai, Rajahmundry, Hyderabad, Kolkata, Pune, Delhi",3 to 8,99
Analytics Analyst,Vijay Deonath Kuwar ,United Kingdom,1 to 6,18
Data OperatorIn LONDON,Adal immigrations LLP,United Kingdom,2 to 7,70
Urgent Hiring for Data Analyst,Prime Immigration LLP,"United Kingdom+8Australia, United Arab Emirates, Canada, Malaysia, Singapore, Malta, Germany, Hong Kong",5 to 10,1
Computer Operator Data Entry Operator,NATIONAL SEEDS CORPORATION LIMITED,"United Kingdom+13Australia, Canada, United Arab Emirates, United States Of America, Gurugram, Mumbai City, Bangalore, Noida, Chennai, Hyderabad, Kolkata, Pune, Delhi",5 to 10,99
Payroll Administrator,MILLENNIUM BABYCARES PRIVATE LIMITE...,"United Kingdom+12Canada, United Arab Emirates, Gurugram, United States Of America, Mumbai City, Bangalore, Noida, Chennai, Hyderabad, Kolkata, Pune, Delhi",4 to 9,99
Data OperatorIn UNITED KINGDOM,Adal immigrations LLP,United Kingdom,2 to 7,60
Geologist to analyze,MILLENNIUM BABYCARES PRIVATE LIMITE...,"United Kingdom+12Canada, United Arab Emirates, United States Of America, Gurugram, Mumbai City, Bangalore, Noida, Chennai, Hyderabad, Kolkata, Pune, Delhi",5 to 10,99
Sourcing Manager,Garima Interprises,"United Kingdom+2Australia, United States Of America",10 to 15,29
Data Management,Future Solution Centre,"United Kingdom+18China, Canada, Qatar, Kuwait, Philippines, Virgin Islands (Us), United Arab Emirates, United States Of America, Gurugram, Other West Bengal, Bangalore, Noida, Rajahmundry, Other Gujarat, Other Tamil Nadu, Pondicherry, Kolkata, Kollam",15 to >25,99
Production EngineerIn United Kingdom,Adal immigrations LLP,United Kingdom,2 to 7,70
Data Scientist,Vijay Deonath Kuwar ,United Kingdom,1 to 6,17
Data Entry Executive Customer Supportin CAMBODIA,Always International Manpower Servi...,"United Kingdom+17Singapore, Qatar, Saudi Arabia, Kuwait, Thailand, United Arab Emirates, Malaysia, Tiruvannamalai, Thirunelveli, Madurai, Viluppuram, Salem, Tiruchirappalli, Vellore, Nagercoil, Ooty, Tuticorin",1 to 3,40
Data Entry Executive Customer Supportin CAMBODIA,Always International Manpower Servi...,"United Kingdom+17Singapore, Qatar, Saudi Arabia, Kuwait, Thailand, United Arab Emirates, Malaysia, Coimbatore, Cuddalore, Erode, Madurai, Ramanathapuram, Kanyakumari, Hosur, Sivagangai, Krishnagiri, Dharmapuri",1 to 3,40
Production EngineerIn UNITED KINGDOM,Adal immigrations LLP,United Kingdom,2 to 7,60
Civil EngineerIn ABROAD,Adal immigrations LLP,"United Kingdom+3Australia, Canada, Singapore",2 to 7,70
Customer Support Team Leaderfor Cambodia,Always International Manpower Servi...,"United Kingdom+17Singapore, Qatar, Saudi Arabia, Kuwait, Thailand, United Arab Emirates, Malaysia, Tambaram, Chennai, Sivakasi, Kanchipuram, Vilupuram, Nagapattinam, Sivagangai, Theni, Namakkal, Kumbakonam",1 to 3,40
Customer Support Team Leaderfor Cambodia,Always International Manpower Servi...,"United Kingdom+13Singapore, Saudi Arabia, United Arab Emirates, Mumbai City, Surat, Vadodara, Ahmedabad, Tambaram, Nashik, Rajkot, Anand, Kolhapur, Nagpur",1 to 3,40
Urgent Hiring for Data Analyst,Prime Immigration LLP,"United Kingdom+8Australia, United Arab Emirates, Canada, Malaysia, Germany, Singapore, Malta, Hong Kong",5 to 10,1
Sales Operations,Garima Interprises,"United Kingdom+2Australia, United States Of America",5 to 10,49
Oil & Gas Accountant,NATIONAL SEEDS CORPORATION LIMITED,"United Kingdom+14Canada, United Arab Emirates, United States Of America, Gurugram, Germany, Mumbai City, Bangalore, Noida, Chennai, Rajahmundry, Hyderabad, Kolkata, Pune, Delhi",3 to 8,99
Analytics Analyst,Vijay Deonath Kuwar ,United Kingdom,1 to 6,18
Data OperatorIn LONDON,Adal immigrations LLP,United Kingdom,2 to 7,70
Urgent Hiring for Data Analyst,Prime Immigration LLP,"United Kingdom+8Australia, United Arab Emirates, Canada, Malaysia, Singapore, Malta, Germany, Hong Kong",5 to 10,1
Computer Operator Data Entry Operator,NATIONAL SEEDS CORPORATION LIMITED,"United Kingdom+13Australia, Canada, United Arab Emirates, United States Of America, Gurugram, Mumbai City, Bangalore, Noida, Chennai, Hyderabad, Kolkata, Pune, Delhi",5 to 10,99
Payroll Administrator,MILLENNIUM BABYCARES PRIVATE LIMITE...,"United Kingdom+12Canada, United Arab Emirates, Gurugram, United States Of America, Mumbai City, Bangalore, Noida, Chennai, Hyderabad, Kolkata, Pune, Delhi",4 to 9,99
Data OperatorIn UNITED KINGDOM,Adal immigrations LLP,United Kingdom,2 to 7,60
Geologist to analyze,MILLENNIUM BABYCARES PRIVATE LIMITE...,"United Kingdom+12Canada, United Arab Emirates, United States Of America, Gurugram, Mumbai City, Bangalore, Noida, Chennai, Hyderabad, Kolkata, Pune, Delhi",5 to 10,99
Sourcing Manager,Garima Interprises,"United Kingdom+2Australia, United States Of America",10 to 15,29
Data Management,Future Solution Centre,"United Kingdom+18China, Canada, Qatar, Kuwait, Philippines, Virgin Islands (Us), United Arab Emirates, United States Of America, Gurugram, Other West Bengal, Bangalore, Noida, Rajahmundry, Other Gujarat, Other Tamil Nadu, Pondicherry, Kolkata, Kollam",15 to >25,99
Production EngineerIn United Kingdom,Adal immigrations LLP,United Kingdom,2 to 7,70
Data Scientist,Vijay Deonath Kuwar ,United Kingdom,1 to 6,17
Data Entry Executive Customer Supportin CAMBODIA,Always International Manpower Servi...,"United Kingdom+17Singapore, Qatar, Saudi Arabia, Kuwait, Thailand, United Arab Emirates, Malaysia, Tiruvannamalai, Thirunelveli, Madurai, Viluppuram, Salem, Tiruchirappalli, Vellore, Nagercoil, Ooty, Tuticorin",1 to 3,40
Data Entry Executive Customer Supportin CAMBODIA,Always International Manpower Servi...,"United Kingdom+17Singapore, Qatar, Saudi Arabia, Kuwait, Thailand, United Arab Emirates, Malaysia, Coimbatore, Cuddalore, Erode, Madurai, Ramanathapuram, Kanyakumari, Hosur, Sivagangai, Krishnagiri, Dharmapuri",1 to 3,40
Production EngineerIn UNITED KINGDOM,Adal immigrations LLP,United Kingdom,2 to 7,60
Civil EngineerIn ABROAD,Adal immigrations LLP,"United Kingdom+3Australia, Canada, Singapore",2 to 7,70
Customer Support Team Leaderfor Cambodia,Always International Manpower Servi...,"United Kingdom+17Singapore, Qatar, Saudi Arabia, Kuwait, Thailand, United Arab Emirates, Malaysia, Tambaram, Chennai, Sivakasi, Kanchipuram, Vilupuram, Nagapattinam, Sivagangai, Theni, Namakkal, Kumbakonam",1 to 3,40
Customer Support Team Leaderfor Cambodia,Always International Manpower Servi...,"United Kingdom+13Singapore, Saudi Arabia, United Arab Emirates, Mumbai City, Surat, Vadodara, Ahmedabad, Tambaram, Nashik, Rajkot, Anand, Kolhapur, Nagpur",1 to 3,40
Urgent Hiring for Data Analyst,Prime Immigration LLP,"United Kingdom+8Australia, United Arab Emirates, Canada, Malaysia, Germany, Singapore, Malta, Hong Kong",5 to 10,1
Sales Operations,Garima Interprises,"United Kingdom+2Australia, United States Of America",5 to 10,49
Oil & Gas Accountant,NATIONAL SEEDS CORPORATION LIMITED,"United Kingdom+14Canada, United Arab Emirates, United States Of America, Gurugram, Germany, Mumbai City, Bangalore, Noida, Chennai, Rajahmundry, Hyderabad, Kolkata, Pune, Delhi",3 to 8,99
Analytics Analyst,Vijay Deonath Kuwar ,United Kingdom,1 to 6,18
Data OperatorIn LONDON,Adal immigrations LLP,United Kingdom,2 to 7,70
Urgent Hiring for Data Analyst,Prime Immigration LLP,"United Kingdom+8Australia, United Arab Emirates, Canada, Malaysia, Singapore, Malta, Germany, Hong Kong",5 to 10,1
Computer Operator Data Entry Operator,NATIONAL SEEDS CORPORATION LIMITED,"United Kingdom+13Australia, Canada, United Arab Emirates, United States Of America, Gurugram, Mumbai City, Bangalore, Noida, Chennai, Hyderabad, Kolkata, Pune, Delhi",5 to 10,99
Payroll Administrator,MILLENNIUM BABYCARES PRIVATE LIMITE...,"United Kingdom+12Canada, United Arab Emirates, Gurugram, United States Of America, Mumbai City, Bangalore, Noida, Chennai, Hyderabad, Kolkata, Pune, Delhi",4 to 9,99
Data OperatorIn UNITED KINGDOM,Adal immigrations LLP,United Kingdom,2 to 7,60
Geologist to analyze,MILLENNIUM BABYCARES PRIVATE LIMITE...,"United Kingdom+12Canada, United Arab Emirates, United States Of America, Gurugram, Mumbai City, Bangalore, Noida, Chennai, Hyderabad, Kolkata, Pune, Delhi",5 to 10,99
Sourcing Manager,Garima Interprises,"United Kingdom+2Australia, United States Of America",10 to 15,29
Data Management,Future Solution Centre,"United Kingdom+18China, Canada, Qatar, Kuwait, Philippines, Virgin Islands (Us), United Arab Emirates, United States Of America, Gurugram, Other West Bengal, Bangalore, Noida, Rajahmundry, Other Gujarat, Other Tamil Nadu, Pondicherry, Kolkata, Kollam",15 to >25,99
Production EngineerIn United Kingdom,Adal immigrations LLP,United Kingdom,2 to 7,70
Data Scientist,Vijay Deonath Kuwar ,United Kingdom,1 to 6,17
Data Entry Executive Customer Supportin CAMBODIA,Always International Manpower Servi...,"United Kingdom+17Singapore, Qatar, Saudi Arabia, Kuwait, Thailand, United Arab Emirates, Malaysia, Tiruvannamalai, Thirunelveli, Madurai, Viluppuram, Salem, Tiruchirappalli, Vellore, Nagercoil, Ooty, Tuticorin",1 to 3,40
Data Entry Executive Customer Supportin CAMBODIA,Always International Manpower Servi...,"United Kingdom+17Singapore, Qatar, Saudi Arabia, Kuwait, Thailand, United Arab Emirates, Malaysia, Coimbatore, Cuddalore, Erode, Madurai, Ramanathapuram, Kanyakumari, Hosur, Sivagangai, Krishnagiri, Dharmapuri",1 to 3,40
Production EngineerIn UNITED KINGDOM,Adal immigrations LLP,United Kingdom,2 to 7,60
Civil EngineerIn ABROAD,Adal immigrations LLP,"United Kingdom+3Australia, Canada, Singapore",2 to 7,70
Customer Support Team Leaderfor Cambodia,Always International Manpower Servi...,"United Kingdom+17Singapore, Qatar, Saudi Arabia, Kuwait, Thailand, United Arab Emirates, Malaysia, Tambaram, Chennai, Sivakasi, Kanchipuram, Vilupuram, Nagapattinam, Sivagangai, Theni, Namakkal, Kumbakonam",1 to 3,40
Customer Support Team Leaderfor Cambodia,Always International Manpower Servi...,"United Kingdom+13Singapore, Saudi Arabia, United Arab Emirates, Mumbai City, Surat, Vadodara, Ahmedabad, Tambaram, Nashik, Rajkot, Anand, Kolhapur, Nagpur",1 to 3,40
Urgent Hiring for Data Analyst,Prime Immigration LLP,"United Kingdom+8Australia, United Arab Emirates, Canada, Malaysia, Germany, Singapore, Malta, Hong Kong",5 to 10,1
Sales Operations,Garima Interprises,"United Kingdom+2Australia, United States Of America",5 to 10,49
Oil & Gas Accountant,NATIONAL SEEDS CORPORATION LIMITED,"United Kingdom+14Canada, United Arab Emirates, United States Of America, Gurugram, Germany, Mumbai City, Bangalore, Noida, Chennai, Rajahmundry, Hyderabad, Kolkata, Pune, Delhi",3 to 8,99
Analytics Analyst,Vijay Deonath Kuwar ,United Kingdom,1 to 6,18
Data OperatorIn LONDON,Adal immigrations LLP,United Kingdom,2 to 7,70
Urgent Hiring for Data Analyst,Prime Immigration LLP,"United Kingdom+8Australia, United Arab Emirates, Canada, Malaysia, Singapore, Malta, Germany, Hong Kong",5 to 10,1
Computer Operator Data Entry Operator,NATIONAL SEEDS CORPORATION LIMITED,"United Kingdom+13Australia, Canada, United Arab Emirates, United States Of America, Gurugram, Mumbai City, Bangalore, Noida, Chennai, Hyderabad, Kolkata, Pune, Delhi",5 to 10,99
Payroll Administrator,MILLENNIUM BABYCARES PRIVATE LIMITE...,"United Kingdom+12Canada, United Arab Emirates, Gurugram, United States Of America, Mumbai City, Bangalore, Noida, Chennai, Hyderabad, Kolkata, Pune, Delhi",4 to 9,99
Data OperatorIn UNITED KINGDOM,Adal immigrations LLP,United Kingdom,2 to 7,60
Geologist to analyze,MILLENNIUM BABYCARES PRIVATE LIMITE...,"United Kingdom+12Canada, United Arab Emirates, United States Of America, Gurugram, Mumbai City, Bangalore, Noida, Chennai, Hyderabad, Kolkata, Pune, Delhi",5 to 10,99
Sourcing Manager,Garima Interprises,"United Kingdom+2Australia, United States Of America",10 to 15,29
Data Management,Future Solution Centre,"United Kingdom+18China, Canada, Qatar, Kuwait, Philippines, Virgin Islands (Us), United Arab Emirates, United States Of America, Gurugram, Other West Bengal, Bangalore, Noida, Rajahmundry, Other Gujarat, Other Tamil Nadu, Pondicherry, Kolkata, Kollam",15 to >25,99
Production EngineerIn United Kingdom,Adal immigrations LLP,United Kingdom,2 to 7,70
Data Scientist,Vijay Deonath Kuwar ,United Kingdom,1 to 6,17
Data Entry Executive Customer Supportin CAMBODIA,Always International Manpower Servi...,"United Kingdom+17Singapore, Qatar, Saudi Arabia, Kuwait, Thailand, United Arab Emirates, Malaysia, Tiruvannamalai, Thirunelveli, Madurai, Viluppuram, Salem, Tiruchirappalli, Vellore, Nagercoil, Ooty, Tuticorin",1 to 3,40
Data Entry Executive Customer Supportin CAMBODIA,Always International Manpower Servi...,"United Kingdom+17Singapore, Qatar, Saudi Arabia, Kuwait, Thailand, United Arab Emirates, Malaysia, Coimbatore, Cuddalore, Erode, Madurai, Ramanathapuram, Kanyakumari, Hosur, Sivagangai, Krishnagiri, Dharmapuri",1 to 3,40
Production EngineerIn UNITED KINGDOM,Adal immigrations LLP,United Kingdom,2 to 7,60
Civil EngineerIn ABROAD,Adal immigrations LLP,"United Kingdom+3Australia, Canada, Singapore",2 to 7,70
Customer Support Team Leaderfor Cambodia,Always International Manpower Servi...,"United Kingdom+17Singapore, Qatar, Saudi Arabia, Kuwait, Thailand, United Arab Emirates, Malaysia, Tambaram, Chennai, Sivakasi, Kanchipuram, Vilupuram, Nagapattinam, Sivagangai, Theni, Namakkal, Kumbakonam",1 to 3,40
Customer Support Team Leaderfor Cambodia,Always International Manpower Servi...,"United Kingdom+13Singapore, Saudi Arabia, United Arab Emirates, Mumbai City, Surat, Vadodara, Ahmedabad, Tambaram, Nashik, Rajkot, Anand, Kolhapur, Nagpur",1 to 3,40
Urgent Hiring for Data Analyst,Prime Immigration LLP,"United Kingdom+8Australia, United Arab Emirates, Canada, Malaysia, Germany, Singapore, Malta, Hong Kong",5 to 10,1
Sales Operations,Garima Interprises,"United Kingdom+2Australia, United States Of America",5 to 10,49
Oil & Gas Accountant,NATIONAL SEEDS CORPORATION LIMITED,"United Kingdom+14Canada, United Arab Emirates, United States Of America, Gurugram, Germany, Mumbai City, Bangalore, Noida, Chennai, Rajahmundry, Hyderabad, Kolkata, Pune, Delhi",3 to 8,99
Analytics Analyst,Vijay Deonath Kuwar ,United Kingdom,1 to 6,18
